{
  "pdf_count": 1,
  "total_chunks": 25,
  "table_chunks": 0,
  "text_chunks": 25,
  "parse_time": 0.055489301681518555,
  "vector_index_time": 111.37068796157837,
  "hybrid_index_time": 68.5888979434967,
  "total_time": 180.03107571601868
}